Access Code,Grade,First Name,Last Name,Email,Phone,Photo Filenames,Featured Photo
PSAAAA1231,9,Florence,Smith,Florence.Smith@mailinator.com,858-391-3160,"XzA0ODU1MzkuanBn.jpg,
  XzA0ODU1MzkuanBn-1.jpg, XzA0ODU1MzkuanBn-2.jpg",
PSAAAA1232,9,Helen,Frisby,Helen.Frisby@mailinator.com,828-670-3739,"XzA1MTA4NTkuanBn.jpg,
  XzA1MTA4NTkuanBn-1.jpg, XzA1MTA4NTkuanBn-2.jpg",
PSAAAA1233,9,Kayla,Pate,Kayla.Pate@mailinator.com,912-216-7899,"XzA1NzExNDYuanBn.jpg,
  XzA1NzExNDYuanBn-1.jpg, XzA1NzExNDYuanBn-2.jpg",
PSAAAA1234,10,Magda,Kirk,Magda.Kirk@mailinator.com,757-497-6711,"XzA1ODUxMzIuanBn.jpg,
  XzA1ODUxMzIuanBn-1.jpg, XzA1ODUxMzIuanBn-2.jpg",
PSAAAA1235,10,Michelle,Wagner,Michelle.Wagner@mailinator.com,206-834-9707,"XzA2MTI4NTcuanBn.jpg,
  XzA2MTI4NTcuanBn-1.jpg, XzA2MTI4NTcuanBn-2.jpg",
PSAAAA1236,10,Jill,Bush,Jill.Bush@mailinator.com,312-409-4358,"XzA2MzA1MDEuanBn.jpg,
  XzA2MzA1MDEuanBn-1.jpg, XzA2MzA1MDEuanBn-2.jpg",
PSAAAA1237,11,Kristen,Jones,Kristen.Jones@mailinator.com,949-306-4896,"XzA2OTcxNTguanBn.jpg,
  XzA2OTcxNTguanBn-1.jpg, XzA2OTcxNTguanBn-2.jpg",
PSAAAA1238,11,Diane,Williams,Diane.Williams@mailinator.com,570-581-6700,"XzA3OTcwMDEuanBn.jpg,
  XzA3OTcwMDEuanBn-1.jpg, XzA3OTcwMDEuanBn-2.jpg",
PSAAAA1239,11,Orlando,Lancaster,Orlando.Lancaster@mailinator.com,618-387-4715,"XzAwMDEyNzAuanBn.jpg,
  XzAwMDEyNzAuanBn-1.jpg, XzAwMDEyNzAuanBn-2.jpg",
PSAAAA1240,12,Patricia,Velasquez,Patricia.Velasquez@mailinator.com,814-419-5289,"XzAxMDUyNzAuanBn.jpg,
  XzAxMDUyNzAuanBn-1.jpg, XzAxMDUyNzAuanBn-2.jpg",
PSAAAA1241,12,Jackie,Bisson,Jackie.Bisson@mailinator.com,956-792-9268,"XzAzMzgzMzAuanBn.jpg,
  XzAzMzgzMzAuanBn-1.jpg, XzAzMzgzMzAuanBn-2.jpg",
PSAAAA1242,12,Mae,Nelson,Mae.Nelson@mailinator.com,862-452-4791,"XzAzODAyNDIuanBn.jpg,
  XzAzODAyNDIuanBn-1.jpg, XzAzODAyNDIuanBn-2.jpg",